date,downloads, data
2014-05-13,106475,0.809499
2014-05-14,116479,0.867834
2014-05-15,117920,0.854699
2014-05-16,102612,0.810589
2014-05-17,72394,0.526659
2014-05-18,71766,0.514304
2014-05-19,107595,0.835247
2014-05-20,114862,0.895904
2014-05-21,118338,0.915169
2014-05-22,114744,0.904339
2014-05-23,107766,0.841005
2014-05-24,71106,0.544008
2014-05-25,66055,0.511203
2014-05-26,95440,0.700114
2014-05-27,106903,0.826785
2014-05-28,113806,0.933219
2014-05-29,109204,0.888179
2014-05-30,98857,0.81425
2014-05-31,64711,0.514507
2014-06-01,61422,0.503246
2014-06-02,96423,0.823668
2014-06-03,111009,0.910543
2014-06-04,113035,0.90476
2014-06-05,108170,0.885948
2014-06-06,103189,0.852777
2014-06-07,67751,0.544884
2014-06-08,60894,0.490074
2014-06-09,102157,0.837828
2014-06-10,112295,0.919724
2014-06-11,110249,0.925745
2014-06-12,104993,0.882007
2014-06-13,102658,0.889535
2014-06-14,62898,0.536533
2014-06-15,59501,0.496205
2014-06-16,102472,0.838134
2014-06-17,116621,0.946668
2014-06-18,109719,0.904196
2014-06-19,111920,0.940052
2014-06-20,104020,0.881326
2014-06-21,69619,0.559555
2014-06-22,66510,0.526603
2014-06-23,117288,0.923778
2014-06-24,117120,0.936167
2014-06-25,113601,0.907884
2014-06-26,115356,0.929722
2014-06-27,109763,0.905416
2014-06-28,72582,0.585218
2014-06-29,67679,0.527623
2014-06-30,106141,0.87554
2014-07-01,117254,0.932205
2014-07-02,117180,0.950789
2014-07-03,114254,0.929545
2014-07-04,93282,0.720675
2014-07-05,63074,0.477782
2014-07-06,64598,0.510803
2014-07-07,108883,0.866292
2014-07-08,112276,0.892735
2014-07-09,111745,0.88151
2014-07-10,114984,0.91862
2014-07-11,112584,0.904409
2014-07-12,75248,0.580549
2014-07-13,65119,0.512751
2014-07-14,110671,0.86411
2014-07-15,115671,0.891468
2014-07-16,114421,0.896804
2014-07-17,112600,0.877552
2014-07-18,108284,0.898022
2014-07-19,80707,0.588095
2014-07-20,75944,0.552812
2014-07-21,123877,0.932785
2014-07-22,130509,0.990846
2014-07-23,125327,0.954599
2014-07-24,124412,0.941569
2014-07-25,119544,0.909954
2014-07-26,82371,0.623166
2014-07-27,78666,0.594805
2014-07-28,123054,0.916625
2014-07-29,124052,0.937302
2014-07-30,127417,1.01334
2014-07-31,128831,1.00277
2014-08-01,128984,0.976751
2014-08-02,83033,0.616232
2014-08-03,81497,0.595678
2014-08-04,125602,0.923897
2014-08-05,139158,1.01955
2014-08-06,138741,1.04065
2014-08-07,141166,1.04797
2014-08-08,131073,0.940359
2014-08-09,78104,0.560297
2014-08-10,80433,0.579444
2014-08-11,134390,0.979678
2014-08-12,138289,1.02621
2014-08-13,141550,1.05637
2014-08-14,140794,1.06652
2014-08-15,125491,0.948064
2014-08-16,86591,0.620606
2014-08-17,76802,0.56348
2014-08-18,134654,0.989525
2014-08-19,153685,1.08648
2014-08-20,155447,1.13419
2014-08-21,146627,1.09162
2014-08-22,140153,1.02155
2014-08-23,85281,0.5959
2014-08-24,79632,0.571919
2014-08-25,134902,1.01133
2014-08-26,152158,1.15597
2014-08-27,139254,1.06744
2014-08-28,137080,1.0244
2014-08-29,126566,0.978089
2014-08-30,75595,0.558564
2014-08-31,74904,0.537978
2014-09-01,108250,0.793607
2014-09-02,134974,1.01573
2014-09-03,137908,1.04102
2014-09-04,137223,1.05429
2014-09-05,127331,1.00024
2014-09-06,72872,0.530698
2014-09-07,70852,0.520064
2014-09-08,118689,0.921189
2014-09-09,131375,1.00522
2014-09-10,137766,1.05969
2014-09-11,15656,0.116433
2014-09-12,116620,0.884375
2014-09-13,78186,0.571924
2014-09-14,76135,0.551284
2014-09-15,133710,1.00017
2014-09-16,142523,1.08675
2014-09-17,153130,1.14164
2014-09-18,143739,1.10168
2014-09-19,133510,1.04287
2014-09-20,100315,0.600078
2014-09-21,82478,0.587508
2014-09-22,149738,1.10376
2014-09-23,151963,1.14227
2014-09-24,152999,1.16863
2014-09-25,151132,1.15945
2014-09-26,143304,1.05563
2014-09-27,84972,0.610496
2014-09-28,87864,0.598431
2014-09-29,150940,1.14019
2014-09-30,154216,1.22522
2014-10-01,148787,1.20311
2014-10-02,140270,1.13391
2014-10-03,142715,1.17338
2014-10-04,86422,0.684322
2014-10-05,81970,0.662793
2014-10-06,155239,1.30957
2014-10-07,166045,1.37635
2014-10-08,189596,1.54275
2014-10-09,185000,1.43008
2014-10-10,152372,1.21852
2014-10-11,100854,0.729415
2014-10-12,90034,0.688744
2014-10-13,156947,1.26021
2014-10-14,170967,1.42091
2014-10-15,165954,1.36374
2014-10-16,162669,1.33808
2014-10-17,155321,1.31608
2014-10-18,99110,0.7571
2014-10-19,93609,0.711256
2014-10-20,169206,1.42792
2014-10-21,177314,1.53894
2014-10-22,170053,1.40013
2014-10-23,176810,1.50973
2014-10-24,181091,1.4282
2014-10-25,115357,0.838521
2014-10-26,106258,0.826069
2014-10-27,187550,1.51104
2014-10-28,195719,1.60231
2014-10-29,194360,1.55295
2014-10-30,192215,1.56208
2014-10-31,168911,1.34443
2014-11-01,102579,0.767539
2014-11-02,98116,0.731099
2014-11-03,178189,1.42757
2014-11-04,190480,1.56221
2014-11-05,189784,1.54585
2014-11-06,192208,1.50753
2014-11-07,177387,1.42724
2014-11-08,110225,0.796012
2014-11-09,99954,0.710503
2014-11-10,175221,1.39182
2014-11-11,178997,1.40426
2014-11-12,197274,1.49436
2014-11-13,190464,1.46816
2014-11-14,185286,1.41462
2014-11-15,115529,0.852455
2014-11-16,110387,0.822602
2014-11-17,193423,1.50819
2014-11-18,203953,1.62271
2014-11-19,204524,1.62618
2014-11-20,198278,1.58884
2014-11-21,187070,1.50821
2014-11-22,114968,0.862409
2014-11-23,107109,0.806212
2014-11-24,204438,1.59147
2014-11-25,205536,1.57173
2014-11-26,194423,1.54191
2014-11-27,163791,1.30188
2014-11-28,150686,1.15642
2014-11-29,109521,0.797558
2014-11-30,105316,0.785506
2014-12-01,171905,1.29688
2014-12-02,209763,1.50725
2014-12-03,193532,1.50822
2014-12-04,206100,1.67111
2014-12-05,182773,1.47023
2014-12-06,111980,0.857146
2014-12-07,103750,0.800765
2014-12-08,178063,1.36937
2014-12-09,201181,1.57665
2014-12-10,195269,1.53089
2014-12-11,187280,1.5005
2014-12-12,173429,1.4405
2014-12-13,107767,0.852409
2014-12-14,102593,0.821743
2014-12-15,181063,1.46026
2014-12-16,195316,1.59855
2014-12-17,184484,1.49288
2014-12-18,196848,1.53634
2014-12-19,180350,1.41218
2014-12-20,113463,0.903679
2014-12-21,106437,0.844745
2014-12-22,163143,1.29401
2014-12-23,165336,1.28766
2014-12-24,156146,1.03279
2014-12-25,103773,0.799431
2014-12-26,124946,0.896608
2014-12-27,105815,0.806414
2014-12-28,103893,0.818897
2014-12-29,146202,1.17421
2014-12-30,138606,1.12183
2014-12-31,117237,0.975156
2015-01-01,92424,0.717398
2015-01-02,120192,0.957728
2015-01-03,101056,0.810794
2015-01-04,108490,0.833562
2015-01-05,168980,1.35312
2015-01-06,179636,1.41181
2015-01-07,174979,1.39893
2015-01-08,180462,1.43083
2015-01-09,172450,1.39108
2015-01-10,113410,0.878354
2015-01-11,112090,0.865229
2015-01-12,177606,1.411
2015-01-13,190363,1.50567
2015-01-14,197193,1.57354
2015-01-15,193907,1.53375
2015-01-16,180219,1.42822
2015-01-17,117040,0.875844
2015-01-18,106964,0.842416
2015-01-19,169275,1.365
2015-01-20,200787,1.5775
2015-01-21,210771,1.77005
2015-01-22,206343,1.84236
2015-01-23,202689,1.80055
2015-01-24,129219,1.09432
2015-01-25,118730,1.03238
2015-01-26,200184,1.73986
2015-01-27,231376,1.98728
2015-01-28,220083,1.81426
2015-01-29,234408,2.03725
2015-01-30,220494,1.86049
2015-01-31,135461,1.11125
2015-02-01,124171,1.05127
2015-02-02,220429,1.81446
2015-02-03,224897,1.9181
2015-02-04,236447,2.06425
2015-02-05,232886,2.03497
2015-02-06,207278,1.85676
2015-02-07,143086,1.3265
2015-02-08,132864,1.22073
2015-02-09,243890,2.34498
2015-02-10,359437,3.66421
2015-02-11,223927,2.11374
2015-02-12,247769,2.56295
2015-02-13,205644,1.93463
2015-02-14,127090,1.23079
2015-02-15,119714,1.16061
2015-02-16,186400,1.8224
2015-02-17,199991,2.0057
2015-02-18,202373,2.06456
2015-02-19,207451,2.03758
2015-02-20,202303,1.96023
2015-02-21,127120,1.25447
2015-02-22,123142,1.21346
2015-02-23,205513,1.96292
2015-02-24,222980,2.24183
2015-02-25,219069,2.17664
2015-02-26,225407,2.20139
2015-02-27,212218,1.97568
2015-02-28,148092,1.32557
2015-03-01,125364,1.24107
2015-03-02,17934,0.176597
2015-03-03,197193,1.8704
2015-03-04,225474,2.1074
2015-03-05,225536,2.16771
2015-03-06,227086,2.02557
2015-03-07,144380,1.28945
2015-03-08,135779,1.24214
2015-03-09,219038,2.06483
2015-03-10,235651,2.22416
2015-03-11,243520,2.33436
2015-03-12,263775,2.45649
2015-03-13,230459,2.11515
2015-03-14,143285,1.29839
2015-03-15,136022,1.25751
2015-03-16,244599,2.18421
2015-03-17,250953,2.29084
2015-03-18,253945,2.30209
2015-03-19,251477,2.36208
2015-03-20,245311,2.23288
2015-03-21,143516,1.30463
2015-03-22,137093,1.2744
2015-03-23,249129,2.28771
2015-03-24,280860,2.50923
2015-03-25,274193,2.55679
2015-03-26,295603,2.72153
2015-03-27,259407,2.38097
2015-03-28,162945,1.56167
2015-03-29,138082,1.28857
2015-03-30,252951,2.35633
2015-03-31,278114,2.59696
2015-04-01,270749,2.51337
2015-04-02,261795,2.39756
2015-04-03,212238,1.95347
2015-04-04,140080,1.25697
2015-04-05,137152,1.18973
2015-04-06,199717,1.85995
2015-04-07,254910,2.29212
2015-04-08,244996,2.27034
2015-04-09,244766,2.23644
2015-04-10,235848,2.13579
2015-04-11,127147,1.12271
2015-04-12,117948,1.04536
2015-04-13,229596,2.07701
2015-04-14,245880,2.27989
2015-04-15,245691,2.24043
2015-04-16,243735,2.26799
2015-04-17,226096,2.07427
2015-04-18,126344,1.09757
2015-04-19,136043,1.15412
2015-04-20,248609,2.2438
2015-04-21,252853,2.33491
2015-04-22,280185,2.46625
2015-04-23,315946,2.61776
2015-04-24,277625,2.3683
2015-04-25,220040,1.62983
2015-04-26,174455,1.36335
2015-04-27,333752,2.74389
2015-04-28,301413,2.5743
2015-04-29,307930,2.60496
2015-04-30,301171,2.56276
2015-05-01,244157,2.05506
2015-05-02,175912,1.3896
2015-05-03,163518,1.3386
2015-05-04,272441,2.31002
2015-05-05,293251,2.45926
2015-05-06,322770,2.64063
2015-05-07,333866,2.76479
2015-05-08,310257,2.52933
2015-05-09,212529,1.56976
2015-05-10,26980,0.201352
2015-05-11,312636,2.44563
2015-05-12,373542,2.92039
2015-05-13,342275,2.70775
2015-05-14,321343,2.55894
2015-05-15,296144,2.40569
2015-05-16,228615,1.63993
2015-05-17,249545,1.74641
2015-05-18,363625,2.81936
2015-05-19,332565,2.68638
2015-05-20,319723,2.65214
2015-05-21,328135,2.71698
2015-05-22,304081,2.43061
2015-05-23,209147,1.44007
2015-05-24,189610,1.34338
2015-05-25,262343,1.92732
2015-05-26,320643,2.5178
2015-05-27,328462,2.66684
2015-05-28,319907,2.65309
2015-05-29,340233,2.66584
2015-05-30,240045,1.69704
2015-05-31,275954,1.86804
2015-06-01,240569,1.72646
2015-06-02,332587,2.56347
2015-06-03,404256,3.07912
2015-06-04,440453,3.35213
2015-06-05,393511,3.0148
2015-06-06,281869,1.89923
2015-06-07,273935,1.83847
2015-06-08,374462,2.90555
2015-06-09,376120,2.98134
2015-06-10,379091,3.00091
2015-06-11,356759,2.84673
2015-06-12,333551,2.71156
2015-06-13,195871,1.48978
2015-06-14,195059,1.46784
2015-06-15,327500,2.73325
2015-06-16,330806,2.77906
2015-06-17,331169,2.79467
2015-06-18,336994,2.81237
2015-06-19,302780,2.53337
2015-06-20,201681,1.52535
2015-06-21,191050,1.44903
2015-06-22,304668,2.60858
2015-06-23,346918,2.86498
2015-06-24,353801,2.93609
2015-06-25,309703,2.64576
2015-06-26,257828,2.34728
2015-06-27,148511,1.21578
2015-06-28,209356,1.16057
2015-06-29,31524,0.176414
2015-06-30,247696,2.36202
2015-07-01,283723,2.57095
2015-07-02,259574,2.44254
2015-07-03,211225,1.90562
2015-07-04,158696,1.14971
2015-07-05,166488,1.11304
2015-07-06,282177,2.44429
2015-07-07,294210,2.62756
2015-07-08,295436,2.69955
2015-07-09,286185,2.66229
2015-07-10,289549,2.49775
2015-07-11,171610,1.25532
2015-07-12,148080,1.19834
2015-07-13,286503,2.50995
2015-07-14,297435,2.64841
2015-07-15,297790,2.74083
2015-07-16,303944,2.73596
2015-07-17,266196,2.49278
2015-07-18,141490,1.26182
2015-07-19,137854,1.23509
2015-07-20,163161,1.50399
2015-07-21,313438,2.88424
2015-07-22,313762,2.86268
2015-07-23,294750,2.7372
2015-07-24,270955,2.52995
2015-07-25,161433,1.35297
2015-07-26,150641,1.24381
2015-07-27,287002,2.6738
2015-07-28,313333,2.91887
2015-07-29,315958,2.95768
2015-07-30,323756,3.06851
2015-07-31,279090,2.65642
2015-08-01,163419,1.35624
2015-08-02,151115,1.3568
2015-08-03,286230,2.74589
2015-08-04,314249,2.99743
2015-08-05,300033,2.96836
2015-08-06,513474,4.91251
2015-08-07,268983,2.60737
2015-08-08,144077,1.26566
2015-08-09,135277,1.18483
2015-08-10,290880,2.59762
2015-08-11,302999,2.90308
2015-08-12,293743,2.84587
2015-08-13,300923,3.07331
2015-08-14,281184,2.5476
2015-08-15,148635,1.29365
2015-08-16,142615,1.28638
2015-08-17,289802,2.78283
2015-08-18,319480,3.1544
2015-08-19,317376,3.13171
2015-08-20,313793,3.1197
2015-08-21,293430,2.96267
2015-08-22,162605,1.57873
2015-08-23,170347,1.66015
2015-08-24,314098,3.16804
2015-08-25,329700,3.40136
2015-08-26,319161,3.2775
2015-08-27,320571,3.2612
2015-08-28,294644,3.00417
2015-08-29,151258,1.43508
2015-08-30,159994,1.67019
2015-08-31,294144,3.09441
2015-09-01,33301,0.361156
2015-09-21,284407,2.98243
2015-09-22,379901,3.99748
2015-09-23,374408,3.91513
2015-09-24,363805,3.82665
2015-09-25,334885,3.55488
2015-09-26,176106,1.72742
2015-09-27,174296,1.73108
2015-09-28,346513,3.57871
2015-09-29,369744,3.83198
2015-09-30,371322,3.95209
2015-10-01,355936,3.73951
2015-10-02,327162,3.46036
2015-10-03,165022,1.65654
2015-10-04,163639,1.62007
2015-10-05,364143,3.72831
2015-10-06,375118,3.82246
2015-10-07,380505,3.83244
2015-10-08,400825,3.98254
2015-10-09,343780,3.41116
2015-10-10,174977,1.61271
2015-10-11,173843,1.6592
2015-10-12,344195,3.34421
2015-10-13,173302,1.60123
2015-10-14,361539,3.49515
2015-10-15,397274,3.86602
2015-10-16,372997,3.58876
2015-10-17,188865,1.77812
2015-10-18,188872,1.78138
2015-10-19,380290,3.70989
2015-10-20,394756,3.9006
2015-10-21,391571,3.9077
2015-10-22,390877,3.8436
2015-10-23,343802,3.39938
2015-10-24,205525,1.85237
2015-10-25,193052,1.77063
2015-10-26,408144,4.01756
2015-10-27,403468,3.89874
2015-10-28,409251,4.02357
2015-10-29,413403,4.02089
2015-10-30,383537,3.65391
2015-10-31,193458,1.75105
2015-11-01,220059,1.9562
2015-11-02,427098,4.01399
2015-11-03,410959,3.85515
2015-11-04,412064,3.80579
2015-11-05,417195,3.93167
2015-11-06,360260,3.42688
2015-11-07,195948,1.73444
2015-11-08,204879,1.82256
2015-11-09,406290,3.74142
2015-11-10,399431,3.72668
2015-11-11,392254,3.70318
2015-11-12,396226,3.6488
2015-11-13,361864,3.30209
2015-11-14,188118,1.67898
2015-11-15,207938,1.83237
2015-11-16,399946,3.67876
2015-11-17,421781,3.83916
2015-11-18,418086,3.73067
2015-11-19,428726,3.85315
2015-11-20,377253,3.45117
2015-11-21,203062,1.72536
2015-11-22,209366,1.80912
2015-11-23,411152,3.44086
2015-11-24,470850,3.81257
2015-11-25,408779,3.36932
2015-11-26,333528,2.6578
2015-11-27,308043,2.44885
2015-11-28,200294,1.61144
2015-11-29,216800,1.73305
2015-11-30,434759,3.49813
2015-12-01,453101,3.70036
2015-12-02,427776,3.49369
2015-12-03,436390,3.51614
2015-12-04,444273,3.40273
2015-12-05,219471,1.7248
2015-12-06,236638,1.88185
2015-12-07,449750,3.70889
2015-12-08,461311,3.80485
2015-12-09,487658,3.89533
2015-12-10,479844,3.84879
2015-12-11,419188,3.3244
2015-12-12,218359,1.78714
2015-12-13,235530,1.91376
2015-12-14,485652,3.87302
2015-12-15,483571,3.99759
2015-12-16,475990,3.83719
2015-12-17,459877,3.68644
2015-12-18,405401,3.23004
2015-12-19,203308,1.63525
2015-12-20,222019,1.76515
2015-12-21,435326,3.36289
2015-12-22,418891,3.30652
2015-12-23,373204,2.90298
2015-12-24,252394,1.97444
2015-12-25,191022,1.54839
2015-12-26,171570,1.43319
2015-12-27,184423,1.56781
2015-12-28,314616,2.55312
2015-12-29,342797,2.69098
2015-12-30,329220,2.57234
2015-12-31,239134,1.8749
2016-01-01,171890,1.42784
2016-01-02,178659,1.50445
2016-01-03,200421,1.71533
2016-01-04,445077,3.46929
2016-01-05,460734,3.64576
2016-01-06,466369,3.6399
2016-01-07,476689,3.74342
2016-01-08,406257,3.13793
2016-01-09,237887,1.83408
2016-01-10,245531,1.91214
2016-01-11,431511,3.49082
2016-01-12,443190,3.67993
2016-01-13,438874,3.54073
2016-01-14,412776,3.44791
2016-01-15,367827,3.07998
2016-01-16,214503,1.80034
2016-01-17,215058,1.85954
2016-01-18,375127,3.15575
2016-01-19,427068,3.54377
2016-01-20,431546,3.61137
2016-01-21,457788,3.69555
2016-01-22,403021,3.28535
2016-01-23,211667,1.82297
2016-01-24,238789,1.93434
2016-01-25,432153,3.58473
2016-01-26,443846,3.67385
2016-01-27,440777,3.66775
2016-01-28,440992,3.69645
2016-01-29,382815,3.20288
2016-01-30,226608,1.8388
2016-01-31,226382,1.9237
2016-02-01,432821,3.61854
2016-02-02,442385,3.75536
2016-02-03,445060,3.66201
2016-02-04,427130,3.58458
2016-02-05,382246,3.21212
2016-02-06,201528,1.77234
2016-02-07,208073,1.88163
2016-02-08,396889,3.43886
2016-02-09,472874,4.06982
2016-02-10,530050,4.35228
2016-02-11,527100,4.28276
2016-02-12,464495,3.89313
2016-02-13,257312,2.30258
2016-02-14,276496,2.3767
2016-02-15,476635,3.95591
2016-02-16,536865,4.43284
2016-02-17,555868,4.5123
2016-02-18,545878,4.49368
2016-02-19,464217,3.88771
2016-02-20,255433,2.30391
2016-02-21,275407,2.44833
2016-02-22,483005,4.06395
2016-02-23,502732,4.24504
2016-02-24,512326,4.19554
2016-02-25,519864,4.18099
2016-02-26,474888,3.79551
2016-02-27,254128,2.21705
2016-02-28,261281,2.32813
2016-02-29,478674,4.07366
2016-03-01,497794,4.22433
2016-03-02,510401,4.36322
2016-03-03,513479,4.30917
2016-03-04,518984,4.22273
2016-03-05,279921,2.38561
2016-03-06,289547,2.4899
2016-03-07,564183,4.54486
2016-03-08,564309,4.57792
2016-03-09,575935,4.75177
2016-03-10,574001,4.73687
2016-03-11,492551,4.0917
2016-03-12,263628,2.36434
2016-03-13,264844,2.37321
2016-03-14,516818,4.4322
2016-03-15,524934,4.47025
2016-03-16,526266,4.47336
2016-03-17,527497,4.46327
2016-03-18,485966,4.13167
2016-03-19,272815,2.41886
2016-03-20,267298,2.31717
2016-03-21,499323,4.1278
2016-03-22,525482,4.36714
2016-03-23,520641,4.34762
2016-03-24,486033,4.11266
2016-03-25,388043,3.38738
2016-03-26,245179,2.2306
2016-03-27,242495,2.20255
2016-03-28,433048,3.75933
2016-03-29,504827,4.22367
2016-03-30,502444,4.2718
2016-03-31,498208,4.19221
2016-04-01,498998,4.04482
2016-04-02,249959,2.1195
2016-04-03,243730,2.05662
2016-04-04,482784,3.85488
2016-04-05,514837,3.92647
2016-04-06,522399,3.90456
2016-04-07,619373,6.2089
2016-04-08,595470,6.27396
2016-04-09,386871,4.87388
2016-04-10,408805,4.96979
2016-04-11,640774,6.60706
2016-04-12,653359,6.72452
2016-04-13,651448,6.6714
2016-04-14,620650,6.18123
2016-04-15,595537,6.139
2016-04-16,253874,3.12246
2016-04-17,389989,4.78456
2016-04-18,637081,6.46942
2016-04-19,674174,6.82517
2016-04-20,681030,6.76543
2016-04-21,677351,6.53154
2016-04-22,605793,6.01392
2016-04-23,388816,4.62691
2016-04-24,390273,4.65
2016-04-25,647518,6.40181
2016-04-26,624257,5.34755
2016-04-27,588057,4.36689
2016-04-28,554346,4.16784
2016-04-29,481359,3.6316
2016-04-30,266339,2.13755
2016-05-01,264127,2.11396
2016-05-02,505420,3.82051
2016-05-03,539818,4.00557
2016-05-04,556298,4.26702
2016-05-05,505412,3.89442
2016-05-06,521697,3.91917
2016-05-07,273476,2.06254
2016-05-08,253577,2.02145
2016-05-09,524697,3.84251
2016-05-10,549724,3.92473
2016-05-11,544091,3.84233
2016-05-12,531938,3.80107
2016-05-13,472439,3.39899
2016-05-14,244494,1.85583
2016-05-15,246567,1.87642
2016-05-16,489420,3.58014
2016-05-17,548713,3.9801
2016-05-18,554301,4.0776
2016-05-19,550500,4.02583
2016-05-20,490428,3.63754
2016-05-21,252122,1.98176
2016-05-22,267940,2.0799
2016-05-23,552511,3.99517
2016-05-24,570891,4.16666
2016-05-25,552206,4.12078
2016-05-26,526869,3.92195
2016-05-27,456895,3.50324
2016-05-28,243744,1.96758
2016-05-29,258370,2.05779
2016-05-30,398749,3.0299
2016-05-31,524307,3.91854
2016-06-01,538378,3.99613
2016-06-02,544965,4.00322
2016-06-03,481812,3.60904
2016-06-04,250021,1.98342
2016-06-05,253368,2.01593
2016-06-06,538871,3.9127
2016-06-07,596994,4.14347
2016-06-08,588888,4.1331
2016-06-09,567982,3.91531
2016-06-10,516672,3.54805
2016-06-11,302202,1.90263
2016-06-12,291843,1.90649
2016-06-13,551039,3.71252
2016-06-14,588226,3.95368
2016-06-15,571865,3.8649
2016-06-16,556965,3.80155
2016-06-17,501501,3.44109
2016-06-18,272645,1.89329
2016-06-19,280739,1.95947
2016-06-20,576660,3.99868
2016-06-21,585001,4.02676
2016-06-22,581325,3.92143
2016-06-23,585425,3.90344
2016-06-24,561405,3.61745
2016-06-25,302845,1.78389
2016-06-26,331392,1.87748
2016-06-27,591791,3.79923
2016-06-28,600828,3.94008
2016-06-29,602404,3.96704
2016-06-30,594177,3.91936
2016-07-01,524855,3.41931
2016-07-02,289974,1.80147
2016-07-03,310775,1.90679
2016-07-04,447905,2.97575
2016-07-05,606132,3.89798
2016-07-06,576701,3.90619
2016-07-07,599773,3.92669
2016-07-08,523903,3.51071
2016-07-09,287404,1.85821
2016-07-10,298313,1.91808
2016-07-11,573453,3.80676
2016-07-12,602282,4.00666
2016-07-13,588320,3.92808
2016-07-14,561571,3.78866
2016-07-15,515823,3.44521
2016-07-16,262949,1.76106
2016-07-17,289059,1.91043
2016-07-18,572610,3.78672
2016-07-19,585804,3.71442
2016-07-20,596728,3.65813
2016-07-21,611679,3.59593
2016-07-22,564076,3.18963
2016-07-23,282112,1.60799
2016-07-24,288042,1.6857
2016-07-25,562701,3.58451
2016-07-26,697526,3.74192
2016-07-27,656417,3.61078
2016-07-28,571670,3.60012
2016-07-29,518756,3.25613
2016-07-30,268675,1.60527
2016-07-31,274629,1.69474
2016-08-01,574575,3.69197
2016-08-02,576413,3.73198
2016-08-03,563932,3.67756
2016-08-04,571468,3.70495
2016-08-05,508786,3.22587
2016-08-06,267819,1.59375
2016-08-07,279142,1.729
2016-08-08,576686,3.72511
2016-08-09,578093,3.77551
2016-08-10,585790,3.82844
2016-08-11,559484,3.71175
2016-08-12,510081,3.41847
2016-08-13,239534,1.6266
2016-08-14,249598,1.72109
2016-08-15,499344,3.37104
2016-08-16,583439,3.76057
2016-08-17,590774,3.76744
2016-08-18,571914,3.69278
2016-08-19,566657,3.38711
2016-08-20,290622,1.601
2016-08-21,327625,1.82036
2016-08-22,603185,3.82468
2016-08-23,600207,3.83038
2016-08-24,607452,3.84789
2016-08-25,611399,3.91011
2016-08-26,529443,3.35735
2016-08-27,261366,1.57372
2016-08-28,287185,1.69978
2016-08-29,567075,3.62428
2016-08-30,603925,3.90192
2016-08-31,598370,3.91832
2016-09-01,585953,3.83815
2016-09-02,499670,3.35753
2016-09-03,233123,1.59927
2016-09-04,245837,1.69635
2016-09-05,414770,2.84075
2016-09-06,572255,3.87823
2016-09-07,586015,3.91953
2016-09-08,587198,3.86963
2016-09-09,519621,3.4746
2016-09-10,280943,1.79091
2016-09-11,279247,1.78867
2016-09-12,552812,3.77523
2016-09-13,591519,3.9164
2016-09-14,563649,3.86257
2016-09-15,552826,3.8273
2016-09-16,513513,3.49745
2016-09-17,275253,1.81997
2016-09-18,290549,1.96334
2016-09-19,584180,4.07263
2016-09-20,618191,4.18588
2016-09-21,593590,4.11253
2016-09-22,585598,3.99877
2016-09-23,545802,3.60903
2016-09-24,284202,1.75713
2016-09-25,301440,1.89552
2016-09-26,616351,4.10077
2016-09-27,647533,4.22333
2016-09-28,747619,4.85711
2016-09-29,717829,4.60491
2016-09-30,630553,4.05648
2016-10-01,326814,1.91668
2016-10-02,315469,1.91337
2016-10-03,637724,4.22152
2016-10-04,663453,4.4046
2016-10-05,686437,4.50996
2016-10-06,685644,4.50486
2016-10-07,604656,4.01507
2016-10-08,319642,2.03104
2016-10-09,349102,2.1611
2016-10-10,662950,4.42924
2016-10-11,646149,4.32357
2016-10-12,170002,1.1309
2016-10-13,662129,4.47813
2016-10-14,662635,4.43042
2016-10-15,379906,2.39809
2016-10-16,335008,2.1516
2016-10-17,701198,4.63006
2016-10-18,735976,4.95699
2016-10-19,762898,5.0376
2016-10-20,757927,4.92306
2016-10-21,622954,4.12685
2016-10-22,339410,2.22517
2016-10-23,317154,2.11179
2016-10-24,712055,4.6794
2016-10-25,718151,4.89819
2016-10-26,704046,4.79452
2016-10-27,677068,4.64282
2016-10-28,630855,4.30844
2016-10-29,337370,2.31352
2016-10-30,337332,2.32681
2016-10-31,639707,4.41104
2016-11-01,670816,4.62688
2016-11-02,693865,4.84146
2016-11-03,761389,4.85672
2016-11-04,642718,4.42854
2016-11-05,318182,2.2152
2016-11-06,308081,2.17521
2016-11-07,652382,4.55124
2016-11-08,695455,4.90301
2016-11-09,687697,4.76817
2016-11-10,708580,4.96486
2016-11-11,630384,4.47725
2016-11-12,332461,2.42124
2016-11-13,328696,2.33663
2016-11-14,673771,4.71295
2016-11-15,737736,5.20369
2016-11-16,733203,5.20074
2016-11-17,721176,5.13605
2016-11-18,674418,4.68265
2016-11-19,366301,2.6077
2016-11-20,334696,2.4484
2016-11-21,673024,4.79986
2016-11-22,738666,5.18968
2016-11-23,722227,5.08027
2016-11-24,602010,4.46505
2016-11-25,559651,4.14129
2016-11-26,339155,2.72656
2016-11-27,327330,2.52041
2016-11-28,670714,4.85971
2016-11-29,724380,5.1197
2016-11-30,704949,4.93914
2016-12-01,681554,4.80144
2016-12-02,654751,4.60952
2016-12-03,349722,2.5232
2016-12-04,333245,2.43158
2016-12-05,661893,4.71363
2016-12-06,727571,5.12799
2016-12-07,747555,5.12186
2016-12-08,711482,4.9844
2016-12-09,754252,4.33379
2016-12-10,334942,2.46359
2016-12-11,323485,2.38004
2016-12-12,661189,4.74319
2016-12-13,706556,4.99971
2016-12-14,711465,5.02653
2016-12-15,671830,4.77545
2016-12-16,608539,4.34061
2016-12-17,315040,2.36042
2016-12-18,301267,2.25258
2016-12-19,613930,4.49576
2016-12-20,668023,4.83663
2016-12-21,658085,4.69323
2016-12-22,600699,4.3872
2016-12-23,458551,3.41913
2016-12-24,271151,2.11839
2016-12-25,254276,1.98893
2016-12-26,349614,2.63814
2016-12-27,430152,3.23341
2016-12-28,466871,3.47247
2016-12-29,475783,3.48105
2016-12-30,416058,3.12584
2016-12-31,274207,2.11824
2017-01-01,269752,2.035
2017-01-02,403885,3.10199
2017-01-03,609139,4.49635
2017-01-04,688339,4.91924
2017-01-05,710566,5.02202
2017-01-06,634268,4.58778
2017-01-07,378505,2.61658
2017-01-08,359765,2.55743
2017-01-09,677199,4.85695
2017-01-10,711729,5.00403
2017-01-11,721705,5.08466
2017-01-12,733373,5.21651
2017-01-13,643562,4.65836
2017-01-14,357219,2.62574
2017-01-15,332890,2.47686
2017-01-16,613319,4.43257
2017-01-17,697581,5.10176
2017-01-18,721452,5.23337
2017-01-19,708708,5.17563
2017-01-20,707626,5.1219
2017-01-21,381822,2.77688
2017-01-22,341007,2.48179
2017-01-23,699128,5.01121
2017-01-24,746258,5.32483
2017-01-25,752831,5.4948
2017-01-26,279791,2.03737
2017-01-27,643909,4.70962
2017-01-28,330104,2.49492
2017-01-29,322014,2.46375
2017-01-30,633422,4.67082
2017-01-31,689964,5.03281
2017-02-01,701913,5.21166
2017-02-02,722127,5.34808
2017-02-03,679212,5.07864
2017-02-04,367919,2.75147
2017-02-05,352960,2.68193
2017-02-06,690183,5.06351
2017-02-07,753182,5.48806
2017-02-08,746546,5.40882
2017-02-09,739576,5.37993
2017-02-10,700729,5.01484
2017-02-11,355458,2.52099
2017-02-12,358841,2.42925
2017-02-13,699949,4.98214
2017-02-14,755660,5.41166
2017-02-15,778644,5.42774
2017-02-16,804113,5.76826
2017-02-17,722614,5.17801
2017-02-18,377140,2.87212
2017-02-19,572366,3.14306
2017-02-20,653571,4.79124
2017-02-21,803476,5.51208
2017-02-22,831189,5.79077
2017-02-23,835698,5.71752
2017-02-24,758235,5.21945
2017-02-25,451895,2.9171
2017-02-26,421150,2.77046
2017-02-27,795855,5.3679
2017-02-28,720505,5.15128
2017-03-01,838114,6.01981
2017-03-02,830958,5.80803
2017-03-03,739961,5.19475
2017-03-04,409600,2.83839
2017-03-05,379241,2.71831
2017-03-06,764111,5.52203
2017-03-07,798748,5.68604
2017-03-08,767779,5.46135
2017-03-09,798035,5.6458
2017-03-10,735545,5.35346
2017-03-11,391181,2.83742
2017-03-12,359702,2.62405
2017-03-13,739370,5.31675
2017-03-14,795265,5.60892
2017-03-15,794092,5.62918
2017-03-16,777465,5.53146
2017-03-17,699874,4.97273
2017-03-18,379342,2.71125
2017-03-19,364243,2.58429
2017-03-20,741760,5.27711
2017-03-21,798426,5.64738
2017-03-22,819556,5.7911
2017-03-23,787492,5.58491
2017-03-24,703916,5.03434
2017-03-25,383583,2.75374
2017-03-26,354874,2.58758
2017-03-27,759918,5.43575
2017-03-28,782717,5.60231
2017-03-29,773469,5.55896
2017-03-30,782743,5.66614
2017-03-31,709855,5.18554
2017-04-01,366861,2.73754
2017-04-02,347437,2.60448
2017-04-03,720047,5.24299
2017-04-04,699472,5.14266
2017-04-05,929330,5.74004
2017-04-06,908215,5.58675
2017-04-07,857758,5.26618
2017-04-08,510717,2.75504
2017-04-09,488983,2.56557
2017-04-10,876811,5.3607
2017-04-11,916968,5.69171
2017-04-12,917636,5.61807
2017-04-13,874729,5.30291
2017-04-14,716494,4.165
2017-04-15,477394,2.49447
2017-04-16,456553,2.30947
2017-04-17,723315,4.1257
2017-04-18,892498,5.41411
2017-04-19,905017,5.4251
2017-04-20,894102,5.39999
2017-04-21,863792,5.05712
2017-04-22,538241,2.68485
2017-04-23,556159,2.64574
2017-04-24,923040,5.35263
2017-04-25,1009710,5.61483
2017-04-26,977904,5.71221
2017-04-27,927419,5.50727
2017-04-28,892299,5.02786
2017-04-29,525236,2.61847
2017-04-30,531126,2.55715
2017-05-01,728402,4.03081
2017-05-02,887191,5.32378
2017-05-03,924333,5.54958
2017-05-04,909869,5.43249
2017-05-05,845015,4.97997
2017-05-06,494353,2.59853
2017-05-07,478265,2.46501
2017-05-08,839940,5.09871
2017-05-09,924859,5.55276
2017-05-10,935898,5.75802
2017-05-11,983932,5.74696
2017-05-12,793585,4.61079
2017-05-13,526439,2.89027
2017-05-14,395470,2.80531
2017-05-15,795201,5.58634
2017-05-16,836829,5.81427
2017-05-17,809763,5.59908
2017-05-18,807461,5.55385
2017-05-19,725341,5.14234
2017-05-20,368758,2.7291
2017-05-21,342324,2.58121
2017-05-22,741045,5.394
2017-05-23,838582,5.8962
2017-05-24,828105,5.87252
2017-05-25,730827,5.3342
2017-05-26,695358,5.06824
2017-05-27,368715,2.75893
2017-05-28,335404,2.57547
2017-05-29,580654,4.32291
2017-05-30,747278,5.52164
2017-05-31,881750,6.30841
2017-06-01,863781,6.21858
2017-06-02,773162,5.66825
2017-06-03,372300,2.76968
2017-06-04,339188,2.51862
2017-06-05,712819,5.15951
2017-06-06,831982,5.96793
2017-06-07,845964,6.11497
2017-06-08,830035,5.96506
2017-06-09,765214,5.50765
2017-06-10,381761,2.7905
2017-06-11,372858,2.70595
2017-06-12,798821,5.68958
2017-06-13,894069,6.2504
2017-06-14,888590,6.26811
2017-06-15,872978,6.14186
2017-06-16,790871,5.64932
2017-06-17,375978,2.75024
2017-06-18,349377,2.59409
2017-06-19,831608,5.96651
2017-06-20,885125,6.24765
2017-06-21,869657,6.12575
2017-06-22,862765,6.13142
2017-06-23,771207,5.54144
2017-06-24,385525,2.87753
2017-06-25,376688,2.72122
2017-06-26,802746,5.71791
2017-06-27,875506,6.23238
2017-06-28,860963,6.14167
2017-06-29,864297,6.16238
2017-06-30,803176,5.62306
2017-07-01,439254,2.92402
2017-07-02,424866,2.87432
2017-07-03,741793,5.06581
2017-07-04,726996,4.92281
2017-07-05,875537,6.02374
2017-07-06,881273,6.09826
2017-07-07,832807,5.70429
2017-07-08,420979,2.9379
2017-07-09,410940,2.85234
2017-07-10,843870,5.95363
2017-07-11,930085,6.50198
2017-07-12,923232,6.44749
2017-07-13,920501,6.47248
2017-07-14,830442,5.78479
2017-07-15,491931,3.0594
2017-07-16,457254,2.99331
2017-07-17,881055,6.00768
2017-07-18,933840,6.34528
2017-07-19,939504,6.32128
2017-07-20,940398,6.30297
2017-07-21,860602,5.7415
2017-07-22,563099,3.24661
2017-07-23,493596,3.00763
2017-07-24,889218,5.99175
2017-07-25,914955,6.30223
2017-07-26,910405,6.2683
2017-07-27,884335,6.14897
2017-07-28,789744,5.56687
2017-07-29,418331,2.94279
2017-07-30,387889,2.77261
2017-07-31,839119,5.73731
2017-08-01,892205,6.2563
2017-08-02,868760,6.08812
2017-08-03,865712,6.12741
2017-08-04,812272,5.66191
2017-08-05,445782,3.04175
2017-08-06,417124,2.89778
2017-08-07,828762,5.76994
2017-08-08,906959,6.31852
2017-08-09,870422,6.16294
2017-08-10,870136,6.17572
2017-08-11,807394,5.60381
2017-08-12,431189,2.97184
2017-08-13,410029,2.82388
2017-08-14,814059,5.6615
2017-08-15,817713,5.70581
2017-08-16,906037,6.2468
2017-08-17,885566,6.22525
2017-08-18,782071,5.54431
2017-08-19,396845,2.89334
2017-08-20,392514,2.84806
2017-08-21,795712,5.56013
2017-08-22,881909,6.19727
2017-08-23,864250,6.23409
2017-08-24,196972,1.42243
2017-08-25,627564,4.50767
2017-08-26,399492,2.97122
2017-08-27,401551,2.94613
2017-08-28,811451,5.86854
2017-08-29,894325,6.37275
2017-08-30,889401,6.43497
2017-08-31,865323,6.27352
2017-09-01,776609,5.68932
2017-09-02,406023,3.09151
2017-09-03,393793,2.9599
2017-09-04,675065,4.88228
2017-09-05,873790,6.21389
2017-09-06,928037,6.70595
2017-09-07,881281,6.32004
2017-09-08,801159,5.65501
2017-09-09,403659,2.93432
2017-09-10,434457,2.93147
2017-09-11,853161,6.033
2017-09-12,908189,6.34182
2017-09-13,887546,6.27676
2017-09-14,911267,6.36359
2017-09-15,826584,5.79067
2017-09-16,426454,3.10915
2017-09-17,405222,2.95972
2017-09-18,860634,6.10799
2017-09-19,926835,6.50601
2017-09-20,910708,6.51219
2017-09-21,900986,6.3351
2017-09-22,833800,5.87832
2017-09-23,424385,3.11876
2017-09-24,412912,3.11079
2017-09-25,874299,6.18811
2017-09-26,938953,6.66689
2017-09-27,946302,6.72938
2017-09-28,898944,6.39872
2017-09-29,802528,5.73723
2017-09-30,410539,3.05368
2017-10-01,380887,2.8565
2017-10-02,790256,5.6361
2017-10-03,892501,6.27952
2017-10-04,899151,6.31616
2017-10-05,904428,6.23797
2017-10-06,851832,5.79744
2017-10-07,456258,3.19677
2017-10-08,464008,3.13648
2017-10-09,882172,5.8963
2017-10-10,978258,6.59939
2017-10-11,975847,6.68061
2017-10-12,975247,6.67576
2017-10-13,895162,6.23875
2017-10-14,450639,3.33684
2017-10-15,431813,3.26456
2017-10-16,891867,6.33533
2017-10-17,937378,6.66828
2017-10-18,921799,6.52843
2017-10-19,952756,6.49587
2017-10-20,879092,5.96979
2017-10-21,451660,3.20363
2017-10-22,433533,3.09935
2017-10-23,923563,6.32144
2017-10-24,995730,6.78565
2017-10-25,1026189,7.06539
2017-10-26,996976,6.87996
2017-10-27,913386,6.17001
2017-10-28,461042,3.27774
2017-10-29,435775,3.18998
2017-10-30,905262,6.26462
2017-10-31,935838,6.51362
2017-11-01,942481,6.63519
2017-11-02,976290,6.84701
2017-11-03,886627,6.2312
2017-11-04,463235,3.33055
2017-11-05,422571,3.14514
2017-11-06,922947,6.56367
2017-11-07,1046624,7.45841
2017-11-08,1062347,7.61388
2017-11-09,1035018,7.35448
2017-11-10,941514,6.71363
2017-11-11,499569,3.84227
2017-11-12,477190,3.6615
2017-11-13,982960,7.22013
2017-11-14,1037370,7.46309
2017-11-15,1042946,7.34783
2017-11-16,981533,6.88907
2017-11-17,920514,6.55264
2017-11-18,486210,3.44833
2017-11-19,443844,3.19126
2017-11-20,944447,6.71795
2017-11-21,1017173,7.24236
2017-11-22,958206,6.87641
2017-11-23,811125,5.87214
2017-11-24,744660,5.49918
2017-11-25,447072,3.47625
2017-11-26,470526,3.62155
2017-11-27,964813,6.89128
2017-11-28,1015871,7.12778
2017-11-29,994059,7.01284
2017-11-30,982755,6.95267
2017-12-01,926809,6.36317
2017-12-02,483277,3.39436
2017-12-03,461336,3.25184
2017-12-04,951484,6.62028
2017-12-05,998027,6.96458
2017-12-06,991228,6.93749
2017-12-07,984593,6.88474
2017-12-08,874802,6.25738
2017-12-09,473867,3.50478
2017-12-10,450314,3.28418
2017-12-11,954861,6.86208
2017-12-12,1033408,7.3997
2017-12-13,1015166,7.13652
2017-12-14,955717,6.80352
2017-12-15,858177,6.13255
2017-12-16,454575,3.38729
2017-12-17,431897,3.19802
2017-12-18,910166,6.48556
2017-12-19,997975,6.83174
2017-12-20,1048517,6.6328
2017-12-21,1121568,7.22203
2017-12-22,789618,4.82025
2017-12-23,606454,3.60698
2017-12-24,685416,4.28086
2017-12-25,842473,5.51514
2017-12-26,812234,5.08393
2017-12-27,851883,5.2512
2017-12-28,866918,5.38667
2017-12-29,753719,4.70509
2017-12-30,534657,3.26727
2017-12-31,646986,3.77636
2018-01-01,609560,3.61641
2018-01-02,877842,5.70579
2018-01-03,1030308,6.76407
2018-01-04,1029301,6.56873
2018-01-05,927165,6.15256
2018-01-06,467881,3.52635
2018-01-07,438523,3.33346
2018-01-08,905297,6.43389
2018-01-09,990789,7.12049
2018-01-10,998779,7.11512
2018-01-11,1011164,7.14096
2018-01-12,936687,6.5229
2018-01-13,479437,3.5426
2018-01-14,446823,3.33083
2018-01-15,719032,5.11573
2018-01-16,970697,6.69937
2018-01-17,1032868,7.10415
2018-01-18,1048657,7.1307
2018-01-19,940939,6.46614
2018-01-20,477697,3.65147
2018-01-21,448977,3.45222
2018-01-22,977868,6.87063
2018-01-23,1029429,7.20179
2018-01-24,1015243,7.06965
2018-01-25,1020743,6.9303
2018-01-26,920822,6.40687
2018-01-27,475958,3.51388
2018-01-28,457417,3.36026
2018-01-29,997978,6.80492
2018-01-30,1062098,7.21395
2018-01-31,1037589,7.15558
2018-02-01,1058163,7.33575
2018-02-02,948464,6.5993
2018-02-03,488387,3.68875
2018-02-04,450478,3.42629
2018-02-05,974675,6.78846
2018-02-06,1046325,7.21695
2018-02-07,1061558,7.32533
2018-02-08,1060157,7.18662
2018-02-09,980394,6.70322
2018-02-10,505501,3.74263
2018-02-11,487287,3.61528
2018-02-12,989673,6.89546
2018-02-13,1084269,7.33338
2018-02-14,1061040,7.19541
2018-02-15,1047327,7.02848
2018-02-16,989766,6.67776
2018-02-17,507069,3.6736
2018-02-18,485541,3.44406
2018-02-19,912305,6.20684
2018-02-20,1044727,7.05401
2018-02-21,1088752,7.2435
2018-02-22,1094906,7.30728
2018-02-23,1016975,6.7463
2018-02-24,532183,3.77627
2018-02-25,499834,3.6261
2018-02-26,1087072,7.24592
2018-02-27,1164638,7.69671
2018-02-28,1133112,7.46314
2018-03-01,1126040,7.45623
2018-03-02,1048962,6.82691
2018-03-03,543055,3.75313
2018-03-04,495923,3.52501
2018-03-05,1112305,7.29692
2018-03-06,1166574,7.82942
2018-03-07,1201490,8.18136
2018-03-08,1149257,7.69267
2018-03-09,1041332,6.99536
2018-03-10,499861,3.80742
2018-03-11,468647,3.58567
2018-03-12,1136464,7.71824
2018-03-13,1165035,7.7751
2018-03-14,1153288,7.82317
2018-03-15,1159532,7.78777
2018-03-16,1057201,7.13001
2018-03-17,521116,3.845
2018-03-18,484896,3.61468
2018-03-19,1127124,7.4106
2018-03-20,1211411,7.85753
2018-03-21,1220956,7.9169
2018-03-22,1253206,8.10893
2018-03-23,1110178,7.24964
2018-03-24,528154,3.89777
2018-03-25,516196,3.79562
2018-03-26,1128234,7.5238
2018-03-27,1169244,7.72158
2018-03-28,1155604,7.73089
2018-03-29,1125199,7.54334
2018-03-30,862099,5.98392
2018-03-31,463976,3.51521
2018-04-01,445765,3.32058
2018-04-02,886427,6.13561
2018-04-03,1163253,7.87317
2018-04-04,1161680,7.84954
2018-04-05,1120730,7.55568
2018-04-06,1032721,6.96175
2018-04-07,511552,3.73506
2018-04-08,518083,3.65557
2018-04-09,1102361,7.44978
2018-04-10,1154030,7.78974
2018-04-11,1165437,7.74975
2018-04-12,1149277,7.73853
2018-04-13,1071983,7.06651
2018-04-14,504709,3.48803
2018-04-15,498406,3.43174
2018-04-16,1125729,7.28603
2018-04-17,1148994,7.53179
2018-04-18,1148118,7.56213
2018-04-19,1143962,7.58459
2018-04-20,1026004,6.84177
2018-04-21,485844,3.63706
2018-04-22,460426,3.42071
2018-04-23,1096101,7.28668
2018-04-24,1137248,7.66061
2018-04-25,1149278,7.8475
2018-04-26,1149647,7.85029
2018-04-27,1057842,7.19964
2018-04-28,521682,3.91149
2018-04-29,466330,3.61127
2018-04-30,1005083,6.7014
2018-05-01,918783,6.39893
2018-05-02,1146554,7.62029
2018-05-03,1140151,7.46441
2018-05-04,1065845,7.00111
2018-05-05,517374,3.66368
2018-05-06,464331,3.47862
2018-05-07,1069730,7.19205
2018-05-08,1136074,7.6432
2018-05-09,1149213,7.82882
2018-05-10,1079675,7.43621
2018-05-11,1039509,7.06491
2018-05-12,514508,3.93402
2018-05-13,486727,3.75583
2018-05-14,1175065,7.85947
2018-05-15,1266332,8.44938
2018-05-16,1249014,8.31451
2018-05-17,1270972,8.20467
2018-05-18,1114552,7.41255
2018-05-19,518903,3.91485
2018-05-20,508663,3.68608
2018-05-21,1119779,7.25108
2018-05-22,1250261,8.07903
2018-05-23,1253907,8.17188
2018-05-24,1269384,8.32705
2018-05-25,1074078,7.26301
2018-05-26,491306,3.56271
2018-05-27,472852,3.4634
2018-05-28,889521,6.08057
2018-05-29,1159710,7.80079
2018-05-30,1228338,8.23018
2018-05-31,1165807,7.68941
2018-06-01,1107755,7.41261
2018-06-02,546936,4.19111
2018-06-03,501284,3.83525
2018-06-04,1174365,7.81845
2018-06-05,1245184,8.12368
2018-06-06,1248832,8.1492
2018-06-07,1214204,8.13004
2018-06-08,1122829,7.45813
2018-06-09,537233,4.02596
2018-06-10,521753,3.92924
2018-06-11,1206421,7.87029
2018-06-12,1234965,8.14979
2018-06-13,1289190,8.66718
2018-06-14,1232757,8.23654
2018-06-15,1157411,7.41723
2018-06-16,573802,3.84248
2018-06-17,531760,3.7869
2018-06-18,1168056,7.78351
2018-06-19,1321856,8.44683
2018-06-20,1287128,8.23372
2018-06-21,1327386,8.48713
2018-06-22,1220811,7.68677
2018-06-23,611135,4.29769
2018-06-24,542410,4.03431
2018-06-25,1207938,8.0544
2018-06-26,1309980,8.5332
2018-06-27,1264655,8.2505
2018-06-28,1226416,8.07331
2018-06-29,1115462,7.41516
2018-06-30,518720,3.87636
2018-07-01,500146,3.81683
2018-07-02,1194180,7.75198
2018-07-03,1232791,8.02633
2018-07-04,970496,6.7491
2018-07-05,1123479,7.73708
2018-07-06,1062524,7.32238
2018-07-07,475937,3.7923
2018-07-08,469770,3.76119
2018-07-09,1154664,7.86323
2018-07-10,1190173,8.11343
2018-07-11,1182068,8.07309
2018-07-12,1181508,8.06864
2018-07-13,1075042,7.43621
2018-07-14,505758,3.97157
2018-07-15,486542,3.81257
2018-07-16,1175557,7.6915
2018-07-17,1266970,8.4785
2018-07-18,1231094,8.55427
2018-07-19,1188229,8.17612
2018-07-20,1051196,7.39159
2018-07-21,487036,3.93811
2018-07-22,468726,3.80672
2018-07-23,1156671,7.94228
2018-07-24,1215440,8.2282
2018-07-25,1185273,8.05905
2018-07-26,1159251,7.87048
2018-07-27,1059435,7.2378
2018-07-28,484601,3.89712
2018-07-29,466096,3.74063
2018-07-30,1143584,7.85982
2018-07-31,1201299,8.31155
2018-08-01,1192760,8.30918
2018-08-02,1164075,8.09926
2018-08-03,1055708,7.44904
2018-08-04,488137,4.03953
2018-08-05,462840,3.80709
2018-08-06,1116089,7.73853
2018-08-07,1188418,8.2624
2018-08-08,1186372,8.28578
2018-08-09,1167231,8.16022
2018-08-10,1069994,7.57588
2018-08-11,496397,4.22204
2018-08-12,477298,4.01099
2018-08-13,1135612,7.87955
2018-08-14,1189830,8.15184
2018-08-15,1098874,7.68478
2018-08-16,1243419,8.9657
2018-08-17,1180469,8.72161
2018-08-18,558524,4.87166
2018-08-19,568396,5.03039
2018-08-20,1251429,9.32113
2018-08-21,1351434,9.80229
2018-08-22,1321867,9.72979
2018-08-23,1391570,10.5875
2018-08-24,1207916,9.02277
2018-08-25,596177,5.22718
2018-08-26,604887,5.41503
2018-08-27,1268435,9.52213
2018-08-28,1311852,9.47375
2018-08-29,1310110,9.30787
2018-08-30,1289527,9.28967
2018-08-31,1121086,8.17159
2018-09-01,628357,5.78171
2018-09-02,623038,5.70072
2018-09-03,997606,7.69023
2018-09-04,1231419,9.05627
2018-09-05,1292102,9.12731
2018-09-06,1277536,9.16099
2018-09-07,1198099,8.76418
2018-09-08,634781,5.72256
2018-09-09,560637,4.93594
2018-09-10,1253742,9.19814
2018-09-11,1370445,9.60416
2018-09-12,1374378,9.59659
2018-09-13,1310015,9.37064
2018-09-14,1192342,8.6316
2018-09-15,636108,5.03554
2018-09-16,620027,5.30571
2018-09-17,1321753,9.48411
2018-09-18,1403647,9.83202
2018-09-19,1379856,9.60709
2018-09-20,1413865,9.87853
2018-09-21,1346799,9.86797
2018-09-22,683430,5.82581
2018-09-23,583496,4.67149
2018-09-24,1277746,9.45291
2018-09-25,1436045,10.643
2018-09-26,1458326,10.9275
2018-09-27,1482627,11.2921
2018-09-28,1345656,10.2115
2018-09-29,682904,5.9989
2018-09-30,655995,5.95193
2018-10-01,1365995,10.5114
2018-10-02,1477968,11.0039
2018-10-03,1364349,10.2625
2018-10-04,1373913,10.1949
2018-10-05,1250753,9.29674
2018-10-06,640226,5.66602
2018-10-07,674065,5.98087
2018-10-08,1351885,10.4671
2018-10-09,1467975,10.7556
2018-10-10,1436791,10.4962
2018-10-11,1435464,10.6032
2018-10-12,1323437,10.2345
2018-10-13,631960,5.62945
2018-10-14,650960,5.8023
2018-10-15,1384940,10.4193
2018-10-16,1408820,10.2716
2018-10-17,1407137,10.0797
2018-10-18,1400854,10.1948
2018-10-19,1250204,9.18382
2018-10-20,640417,5.71099
2018-10-21,697012,6.39743
2018-10-22,1279560,9.85192
2018-10-23,1555669,11.5794
2018-10-24,1477687,10.68
2018-10-25,1398260,10.0002
2018-10-26,1263558,9.14055
2018-10-27,619918,5.31851
2018-10-28,605487,5.13882
2018-10-29,1439148,10.6375
2018-10-30,1574123,11.9421
2018-10-31,1485312,10.8938
2018-11-01,1467958,10.6427
2018-11-02,1394867,10.5139
2018-11-03,755555,6.75207
2018-11-04,736817,6.50928
2018-11-05,1416193,10.3546
2018-11-06,1498747,10.8445
2018-11-07,1446264,10.4198
2018-11-08,1451944,10.4386
2018-11-09,1391828,10.3067
2018-11-10,681128,5.86446
2018-11-11,663734,5.83205
2018-11-12,1344956,9.87306
2018-11-13,1493650,10.8601
2018-11-14,1465268,10.5553
2018-11-15,1498441,11.1272
2018-11-16,1391191,10.6438
2018-11-17,735410,6.55844
2018-11-18,649289,5.70187
2018-11-19,1363279,10.1794
2018-11-20,1467468,10.8105
2018-11-21,1465141,11.2975
2018-11-22,1244887,10.0785
2018-11-23,1099869,8.70893
2018-11-24,701591,6.42908
2018-11-25,723740,6.68456
2018-11-26,1455006,11.3034
2018-11-27,1571261,11.7955
2018-11-28,1564809,11.5054
2018-11-29,1530869,11.2293
2018-11-30,1389832,10.364
2018-12-01,704235,6.2891
2018-12-02,156093,1.41449
2018-12-03,1245426,8.89191
2018-12-04,1571241,10.9691
2018-12-05,1511399,10.9342
2018-12-06,1497118,10.637
2018-12-07,1326395,9.76733
2018-12-08,650140,5.56409
2018-12-09,623637,5.41844
2018-12-10,1394732,10.3377
2018-12-11,1494768,10.7911
2018-12-12,1487348,10.767
2018-12-13,1430016,10.4829
2018-12-14,1293679,9.59062
2018-12-15,645981,5.59329
2018-12-16,618134,5.34136
2018-12-17,1357097,9.91807
2018-12-18,1439844,10.4976
2018-12-19,1429146,10.3911
2018-12-20,1452875,10.0798
2018-12-21,1217286,8.90735
2018-12-22,616123,5.49406
2018-12-23,584075,5.18336
2018-12-24,744031,6.191
2018-12-25,633668,5.50033
2018-12-26,818848,6.7067
2018-12-27,986770,7.71363
2018-12-28,909125,7.26575
2018-12-29,624831,5.48579
2018-12-30,582348,5.19472
2018-12-31,688735,5.8591
2019-01-01,567697,5.13482
2019-01-02,1098610,8.39602
2019-01-03,1308920,9.57989
2019-01-04,1199087,9.00053
2019-01-05,640991,5.55688
2019-01-06,608658,5.37099
2019-01-07,1286719,9.66356
2019-01-08,1400313,10.2349
2019-01-09,1445588,10.6502
2019-01-10,1440788,10.5194
2019-01-11,1395046,9.91388
2019-01-12,699305,5.7302
2019-01-13,681054,5.57163
2019-01-14,1383885,9.86201
2019-01-15,1444736,10.501
2019-01-16,1464601,10.6232
2019-01-17,1516215,10.5424
2019-01-18,1362453,9.98094
2019-01-19,686550,5.8566
2019-01-20,638730,5.59283
2019-01-21,1259302,9.49617
2019-01-22,1449966,10.7569
2019-01-23,1475246,10.6943
2019-01-24,1475989,10.4246
2019-01-25,1381390,9.82185
2019-01-26,669369,5.77914
2019-01-27,629306,5.56713
2019-01-28,1383655,10.2046
2019-01-29,1489902,10.7865
2019-01-30,1493776,10.738
2019-01-31,1500264,10.9618
2019-02-01,1431099,10.1748
2019-02-02,679402,6.02078
2019-02-03,657344,5.72668
2019-02-04,1358492,10.1788
2019-02-05,1497464,11.0665
2019-02-06,1474765,10.8136
2019-02-07,1450405,10.8049
2019-02-08,1366572,10.202
2019-02-09,670513,5.97334
2019-02-10,636765,5.80789
2019-02-11,1401249,10.4798
2019-02-12,1599592,11.4247
2019-02-13,1518873,11.2527
2019-02-14,1574899,11.2362
2019-02-15,1427418,10.6068
2019-02-16,692695,5.94748
2019-02-17,655376,5.63026
2019-02-18,1318395,10.1563
2019-02-19,1493485,11.0412
2019-02-20,1528757,11.2746
2019-02-21,1604526,11.162
2019-02-22,1465179,10.6021
2019-02-23,681164,6.06313
2019-02-24,641850,5.66108
2019-02-25,1557378,11.0077
2019-02-26,1663144,11.3533
2019-02-27,1507632,10.9379
2019-02-28,1586954,11.4734
2019-03-01,1463686,11.1883
2019-03-02,721402,6.50659
2019-03-03,691333,6.01444
2019-03-04,1468988,10.9486
2019-03-05,1651893,11.747
2019-03-06,1678889,11.928
2019-03-07,1604963,12.0124
2019-03-08,1394465,10.6531
2019-03-09,676669,6.10808
2019-03-10,649890,5.84094
2019-03-11,1533030,10.9755
2019-03-12,1683414,11.5146
2019-03-13,1578737,11.8366
2019-03-14,1574213,11.5745
2019-03-15,1418822,10.6056
2019-03-16,651728,5.88848
2019-03-17,635692,5.72152
2019-03-18,1503637,11.2322
2019-03-19,1702725,11.8646
2019-03-20,1620897,11.6929
2019-03-21,1543203,11.2189
2019-03-22,1453381,10.6539
2019-03-23,672637,5.93565
2019-03-24,644729,5.91539
2019-03-25,1530645,11.1539
2019-03-26,1670616,11.768
2019-03-27,1723070,11.4332
2019-03-28,1620848,11.2392
2019-03-29,1547309,10.9782
2019-03-30,781034,6.56939
2019-03-31,712832,5.92517
2019-04-01,1620772,11.4935
2019-04-02,1774274,11.845
2019-04-03,1741069,11.8706
2019-04-04,1659778,11.5336
2019-04-05,1516612,10.6323
2019-04-06,764649,6.14798
2019-04-07,774117,6.20833
2019-04-08,1610744,11.5086
2019-04-09,1683476,11.5644
2019-04-10,1777954,11.7577
2019-04-11,1661447,11.394
2019-04-12,1556010,10.9251
2019-04-13,761312,6.13518
2019-04-14,720615,5.77406
2019-04-15,1580813,11.161
2019-04-16,1725882,11.8347
2019-04-17,1801785,11.8746
2019-04-18,1701457,11.395
2019-04-19,1283955,9.39326
2019-04-20,759863,6.19783
2019-04-21,702159,5.78736
2019-04-22,1295272,9.36624
2019-04-23,1662493,11.6412
2019-04-24,1692069,12.0373
2019-04-25,1655922,11.6017
2019-04-26,1545991,11.0606
2019-04-27,706232,6.02684
2019-04-28,725717,6.08931
2019-04-29,1492698,10.802
2019-04-30,1595766,11.1874
2019-05-01,1301372,9.39835
2019-05-02,1537581,10.9079
2019-05-03,1444814,10.3593
2019-05-04,725165,6.05922
2019-05-05,756587,6.02074
2019-05-06,1492421,10.7514
2019-05-07,1655207,11.7469
2019-05-08,1612507,11.5122
2019-05-09,1605668,11.5254
2019-05-10,1507025,10.8129
2019-05-11,733854,6.10135
2019-05-12,696284,5.84326
2019-05-13,1568744,11.2582
2019-05-14,1682072,11.9431
2019-05-15,1671470,11.8748
2019-05-16,1651081,11.597
2019-05-17,1554390,11.1061
2019-05-18,717093,6.06506
2019-05-19,710822,5.96728
2019-05-20,1536781,11.1335
2019-05-21,1688105,12.0505
2019-05-22,1704509,12.2787
2019-05-23,1709808,12.2591
2019-05-24,1559461,11.2245
2019-05-25,729166,6.27878
2019-05-26,702346,5.93178
2019-05-27,1267353,9.66806
2019-05-28,1667244,12.0538
2019-05-29,1748065,13.161
2019-05-30,1622692,12.0606
2019-05-31,1570101,11.8876
2019-06-01,746330,6.56496
2019-06-02,720220,6.25363
2019-06-03,1618013,12.2393
2019-06-04,1730267,12.9029
2019-06-05,1721876,12.9277
2019-06-06,1715651,12.789
2019-06-07,1533428,11.4795
2019-06-08,716367,6.32056
2019-06-09,679151,6.10836
2019-06-10,1499725,11.386
2019-06-11,1736156,12.7994
2019-06-12,1708037,12.7013
2019-06-13,1723070,12.632
2019-06-14,1555674,11.5417
2019-06-15,707201,6.05709
2019-06-16,677483,5.75433
2019-06-17,1596456,11.807
2019-06-18,1732255,12.4403
2019-06-19,1707965,12.3323
2019-06-20,1627506,11.8129
2019-06-21,1549833,11.2385
2019-06-22,724697,6.27857
2019-06-23,697782,5.91729
2019-06-24,1585466,11.8752
2019-06-25,1749361,12.8179
2019-06-26,1688432,12.2192
2019-06-27,1660446,12.063
2019-06-28,1478238,10.9202
2019-06-29,678293,5.79389
2019-06-30,659144,5.60465
2019-07-01,1596542,11.9401
2019-07-02,1697160,12.1054
2019-07-03,1666235,12.1665
2019-07-04,1377401,10.5131
2019-07-05,1298201,9.93539
2019-07-06,670841,5.79129
2019-07-07,715189,6.42119
2019-07-08,1638320,12.4459
2019-07-09,1708039,12.7247
2019-07-10,1716836,12.515
2019-07-11,1874425,13.1465
2019-07-12,1616724,11.9554
2019-07-13,746099,6.19888
2019-07-14,713381,6.07843
2019-07-15,1586209,12.2057
2019-07-16,1682656,13.4591
2019-07-17,1718940,13.9621
2019-07-18,1689229,13.3519
2019-07-19,1522211,11.7577
2019-07-20,648349,6.06555
2019-07-21,642093,6.04105
2019-07-22,1585318,12.1445
2019-07-23,1666469,12.6274
2019-07-24,1650155,12.6576
2019-07-25,1638724,12.4344
2019-07-26,1502352,11.5005
2019-07-27,613938,5.58672
2019-07-28,605133,5.51075
2019-07-29,1574454,11.95
2019-07-30,1698556,12.7359
2019-07-31,1688849,12.8431
2019-08-01,1727631,13.0945
2019-08-02,1524016,11.7154
2019-08-03,646552,5.95596
2019-08-04,639564,5.86231
2019-08-05,1584190,12.2334
2019-08-06,1747361,13.1602
2019-08-07,1759403,13.6098
2019-08-08,1726837,13.3526
2019-08-09,1583851,12.2839
2019-08-10,692560,6.61521
2019-08-11,663069,6.29823
2019-08-12,1666370,12.6182
2019-08-13,1808244,13.7852
2019-08-14,1758477,13.3196
2019-08-15,1628343,12.2205
2019-08-16,1975627,13.8632
2019-08-17,695461,6.47737
2019-08-18,655524,6.1917
2019-08-19,1719073,13.6002
2019-08-20,1859812,14.1996
2019-08-21,1886010,13.9202
2019-08-22,1772617,13.3765
2019-08-23,1601449,12.3859
2019-08-24,679258,6.27164
2019-08-25,636639,5.90733
2019-08-26,1639501,12.7529
2019-08-27,1821910,13.9028
2019-08-28,1866286,13.9794
2019-08-29,1782590,13.2809
2019-08-30,1563801,12.1977
2019-08-31,645698,6.15931
2019-09-01,646848,6.17107
2019-09-02,1250068,10.4759
2019-09-03,1681963,13.0704
2019-09-04,1742418,13.5548
2019-09-05,1740175,13.5632
2019-09-06,1589308,12.5707
2019-09-07,670225,6.39815
2019-09-08,657494,6.21128
2019-09-09,1673806,13.1551
2019-09-10,1757576,13.7433
2019-09-11,1726536,13.4649
2019-09-12,1708837,13.2717
2019-09-13,1554139,12.2901
2019-09-14,657529,6.27277
2019-09-15,645270,6.10388
2019-09-16,1662769,13.0195
2019-09-17,1739568,13.5649
2019-09-18,1759196,13.7644
2019-09-19,1727162,13.3036
2019-09-20,1570695,12.3973
2019-09-21,666903,6.38011
2019-09-22,674206,6.27199
2019-09-23,1680836,13.0465
2019-09-24,1854090,14.4088
2019-09-25,1804393,13.9063
2019-09-26,1779708,13.8349
2019-09-27,1654290,12.7662
2019-09-28,725948,6.72725
2019-09-29,705704,6.75307
2019-09-30,1711320,13.4491
2019-10-01,1782375,14.0451
2019-10-02,1737747,13.5098
2019-10-03,1710213,13.3013
2019-10-04,1598715,12.7443
2019-10-05,678687,6.43829
2019-10-06,624626,6.00671
2019-10-07,1632004,13.0781
2019-10-08,1724691,13.6107
2019-10-09,1795369,14.0602
2019-10-10,1771008,13.8661
2019-10-11,1597034,12.6987
2019-10-12,681592,6.4911
2019-10-13,645931,6.25374
2019-10-14,1578700,12.8952
2019-10-15,1777644,14.029
2019-10-16,1806065,14.0545
2019-10-17,1746719,13.6925
2019-10-18,1625165,12.9147
2021-03-29,2374211
2021-03-30,2651659
2021-03-31,2624639
2021-04-01,2417176
2021-04-02,1673128
2021-04-03,705868
2021-04-04,718315
2021-04-05,1749873
2021-04-06,2448447
2021-04-07,2565960
2021-04-08,2547569
2021-04-09,2220140
2021-04-10,777322
2021-04-11,789520
2021-04-12,2363592
2021-04-13,2452593
2021-04-14,2429361
2021-04-15,2435624
2021-04-16,2229016
2021-04-17,775600
2021-04-18,813132
2021-04-19,2438962
2021-04-20,2576490
2021-04-21,2781035
2021-04-22,2688822
2021-04-23,2265242
2021-04-24,851859
2021-04-25,915170
2021-04-26,2533327
2021-04-27,2686555
2021-04-28,2673166
2021-04-29,2616262
2021-04-30,2337123
2021-05-01,878400
2021-05-02,849500
2021-05-03,2096660
2021-05-04,2464608
2021-05-05,2533462
2021-05-06,2709305
2021-05-07,2538324
2021-05-08,1105268
2021-05-09,1028556
2021-05-10,2726581
2021-05-11,3027928
2021-05-12,2818521
2021-05-13,2395697
2021-05-14,2190176
2021-05-15,896861
2021-05-16,833656
2021-05-17,2484052
2021-05-18,2715145
2021-05-19,2748212
2021-05-20,2657580
2021-05-21,2360577
2021-05-22,892725
2021-05-23,836684
2021-05-24,2246789
2021-05-25,2752900
2021-05-26,2720150
2021-05-27,2717034
2021-05-28,2321779
2021-05-29,920972
2021-05-30,913814
2021-05-31,1943349
2021-06-01,2534470
2021-06-02,2619401
2021-06-03,2601196
2021-06-04,2397411
2021-06-05,947640
2021-06-06,916927
2021-06-07,2589098
2021-06-08,2729077
2021-06-09,2731157
2021-06-10,2664103
2021-06-11,2327263
2021-06-12,860120
2021-06-13,843184
2021-06-14,2340235
2021-06-15,2708459
2021-06-16,2645975
2021-06-17,2610896
2021-06-18,2116371
2021-06-19,753618
2021-06-20,804605
2021-06-21,2392502
2021-06-22,2619844
2021-06-23,2668633
2021-06-24,2600701
2021-06-25,2261335
2021-06-26,800384
2021-06-27,822034
2021-06-28,2478240
2021-06-29,2606966
2021-06-30,2580846
2021-07-01,2578487
2021-07-02,2243342
2021-07-03,804417
2021-07-04,814334
2021-07-05,2049080
2021-07-06,2474970
2021-07-07,2614873
2021-07-08,2589039
2021-07-09,2222457
2021-07-10,801455
2021-07-11,797585
2021-07-12,2436063
2021-07-13,2596258
2021-07-14,2562318
2021-07-15,2553277
2021-07-16,2241436
2021-07-17,820689
2021-07-18,783313
2021-07-19,2346299
2021-07-20,2487443
2021-07-21,2449886
2021-07-22,2504132
2021-07-23,2215186
2021-07-24,849209
2021-07-25,860013
2021-07-26,2469364
2021-07-27,2584983
2021-07-28,2566455
2021-07-29,2508274
2021-07-30,2282794
2021-07-31,802555
2021-08-01,875241
2021-08-02,2381052
2021-08-03,2748532
2021-08-04,2984604
2021-08-05,2622992
2021-08-06,2334800
2021-08-07,860163
2021-08-08,832815
2021-08-09,2435710
2021-08-10,2593060
2021-08-11,2744976
2021-08-12,2734486
2021-08-13,2343721
2021-08-14,831124
2021-08-15,822654
2021-08-16,2473078
2021-08-17,2669611
2021-08-18,2729772
2021-08-19,2662581
2021-08-20,2338577
2021-08-21,862030
2021-08-22,830922
2021-08-23,2537497
2021-08-24,2777645
2021-08-25,2830482
2021-08-26,2760530
2021-08-27,2426770
2021-08-28,864446
2021-08-29,863052
2021-08-31,2841125
2021-09-01,2911235
2021-09-02,2788645
2021-09-03,2330385
2021-09-04,855936
2021-09-05,861441
2021-09-06,1974518
2021-09-07,2608122
2021-09-08,2892207
2021-09-09,2773712
2021-09-10,2464942
2021-09-11,907765
2021-09-12,950917
2021-09-13,2761848
2021-09-14,2798477
2021-09-15,2708613
2021-09-16,2669194
2021-09-17,2423728
2021-09-18,940413
2021-09-19,875904
2021-09-20,2521924
2021-09-21,2855845
2021-09-22,2848446
2021-09-23,2777868
2021-09-24,2451543
2021-09-25,891349
2021-09-26,905291
2021-09-27,2640958
2021-09-28,2825160
2021-09-29,2852075
2021-09-30,2768499
2021-10-01,2466765
2021-10-02,875214
2021-10-03,874813
2021-10-04,2659386
2021-10-05,2822603
2021-10-06,2915465
2021-10-07,2800281
2021-10-08,2517140
2021-10-09,962341
2021-10-10,928715
2021-10-11,2526263
2021-10-12,2856377
2021-10-13,2925265
2021-10-14,2846761
2021-10-15,2485597
2021-10-16,947908
2021-10-17,902978
2021-10-18,2772053
2021-10-19,2850844
2021-10-20,2857995
2021-10-20,2857995
2021-10-21,2870787
2021-10-22,2541559
2021-10-23,901535
2021-10-24,908239
2021-10-25,2761129
2021-10-26,2937065
2021-10-27,2977162
2021-10-28,2971727
2021-10-29,2498748
2021-10-30,916875
2021-10-31,0
2021-11-01,2581327
2021-11-02,2902463
2021-11-03,2890243
2021-11-04,2762590
2021-11-05,2466908
2021-11-06,909439
2021-11-07,931888
2021-11-08,2766423
2021-11-09,2965885
2021-11-10,2950305
2021-11-11,2696835
2021-11-12,2412397
2021-11-13,844829
2021-11-14,859126
2021-11-15,2648510
2021-11-16,3032939
2021-11-17,3001155
2021-11-18,2967197
2021-11-19,2644810
2021-11-20,964074
2021-11-21,966426
2021-11-22,2756983
2021-11-23,2801418
2021-11-24,2763514
2021-11-25,2214157
2021-11-26,1863364
2021-11-27,769693
2021-11-28,1018835
2021-11-29,0
2021-11-30,3055396
2021-12-01,3145409
2021-12-02,3211247
2021-12-03,2811650
2021-12-04,985903
2021-12-05,968383
2021-12-06,2928040
2021-12-07,2976344
2021-12-08,3146950
2021-12-09,3087780
2021-12-10,2719698
2021-12-11,988103
2021-12-12,986063
2021-12-13,2911501
2021-12-14,3166479
2021-12-15,3029086
2021-12-16,2946584
2021-12-17,2597017
2021-12-18,960783
2021-12-19,905774
2021-12-20,2552700
2021-12-21,2686009
2021-12-22,undefined
2021-12-23,2088977
2021-12-24,1255020
2021-12-25,662508
2021-12-26,762538
2021-12-27,1480400
2021-12-28,1654200
2021-12-29,1662423
2021-12-30,1506826
2021-12-31,1009354
2022-01-01,729619
2022-01-02,804666
2022-01-03,1970866
2022-01-04,2665566
2022-01-05,2768793
2022-01-06,2744131
2022-01-07,2481914
2022-01-08,963759
2022-01-09,918319
2022-01-10,2854409
2022-01-11,3397573
2022-01-12,3247619
2022-01-13,3199417
2022-01-14,2827152
2022-01-15,1101293
2022-01-16,1032723
2022-01-17,2623415
2022-01-18,3188768
2022-01-19,3260242
2022-01-20,3222256
2022-01-21,2983338
2022-01-22,1098084
2022-01-23,999540
2022-01-24,3088760
2022-01-25,3255613
2022-01-26,2968306
2022-01-27,3165145
2022-01-28,2907466
2022-01-29,1006171
2022-01-30,988771
2022-01-31,2897154
2022-02-01,3289993
2022-02-02,3235177
2022-02-03,3214144
2022-02-04,2851883
2022-02-05,1018912
2022-02-06,957100
2022-02-07,3085345
2022-02-08,3352624
2022-02-09,3465687
2022-02-10,3423926
2022-02-11,3027716
2022-02-12,1166943
2022-02-13,1099324
2022-02-14,0
2022-02-15,3456683
2022-02-16,3458562
2022-02-17,3380558
2022-02-18,3053441
2022-02-19,1098142
2022-02-20,975553
2022-02-21,2633959
2022-02-22,3267600
2022-02-23,3371538
2022-02-24,3229422
2022-02-25,2859291
2022-02-26,1141316
2022-02-27,1000731
2022-02-28,3020685
2022-03-01,3375668
2022-03-02,3341935
2022-03-03,3328387
2022-03-04,2864121
2022-03-05,1014507
2022-03-06,958896
2022-03-07,3073822
2022-03-08,3274922
2022-03-09,3315486
2022-03-10,3357659
2022-03-11,3061916
2022-03-12,1036480
2022-03-13,0
2022-03-14,3232184
2022-03-15,3391847
2022-03-16,3367478
2022-03-17,3210138
2022-03-18,2893999
2022-03-19,1031812
2022-03-20,1022176
2022-03-21,3223906
2022-03-22,3464887
2022-03-23,0
2022-03-24,3384760
2022-03-25,2898503
2022-03-26,1005498
2022-03-27,1005544
2022-03-28,3265565
2022-03-29,3434794
2022-03-30,3353088
2022-03-31,3300223
2022-04-01,3015608
2022-04-02,1000321
2022-04-03,995115
2022-04-04,3192793
2022-04-05,3349410
2022-04-06,3355462
2022-04-07,3432059
2022-04-08,2969621
2022-04-09,1111975
2022-04-10,990189
2022-04-11,3247267
2022-04-12,3476027
2022-04-13,3230303
2022-04-14,3087438
2022-04-15,2105406
2022-04-16,890411
2022-04-17,882370
2022-04-18,2396052
2022-04-19,3274495
2022-04-20,3400176
2022-04-21,3271044
2022-04-22,2874299
2022-04-23,970653
2022-04-24,960558
2022-04-25,3087581
2022-04-26,3556065
2022-04-27,3587663
2022-04-28,3546487
2022-04-29,3072193
2022-04-30,1011364
2022-05-01,1049442
2022-05-02,2793958
2022-05-03,3098068
2022-05-04,3244235
2022-05-05,3334586
2022-05-06,3048097
2022-05-07,1096983
2022-05-08,1030906
2022-05-09,3276002
2022-05-10,3543354
2022-05-11,3520122
2022-05-12,3395878
2022-05-13,2992156
2022-05-14,1005324
2022-05-15,1031918
2022-05-16,3360737
2022-05-17,3623875
2022-05-18,3614233
2022-05-19,3617888